text,expected_output,lumi_output,llm_output
"If a student is in obvious violations of copyright law by using a room's wired connection (ie ResNet) to distribute copyrighted materials, the room's connection will be disabled, and the issue could be sent to Housing Student Judicial Affairs","['target', 'middlebox']","['value', 'value', 'location', 'middlebox', 'value', 'value', 'middlebox', 'value', 'target', 'target', 'target']","['middlebox', 'operation', 'group', 'origin', 'target']"
"Currently, the University of Illinois does not have any rate limits set in place","['target', 'operation', 'qos_metric']","['qos_metric', 'operation', 'target']","['group', 'qos_metric', 'qos_value']"
University Housing monitors only the amount of traffic,"['target', 'middlebox']","['location', 'value', 'middlebox']","['group', 'traffic']"
CounterStrike server is blocked by the University firewall,"['service', 'operation', 'target', 'middlebox']","['location', 'value', 'middlebox', 'target']","['service', 'middlebox', 'operation', 'target']"
AIM chat and file transfering is allowed by the University firewall,"['service', 'service', 'operation', 'target', 'middlebox']","['service', 'operation', 'middlebox', 'target']","['service', 'middlebox', 'operation', 'target']"
Battlenet is allowed by the University firewall,"['service', 'operation', 'target', 'middlebox']","['value', 'operation', 'middlebox', 'target']","['service', 'middlebox', 'operation', 'target']"
H323 video conferencing is allowed by the University firewall,"['traffic', 'operation', 'target', 'middlebox']","['service', 'location', 'operation', 'middlebox', 'target']","['service', 'middlebox', 'group', 'operation']"
Everquest is blocked by the University firewall,"['service', 'operation', 'target', 'middlebox']","['value', 'middlebox', 'target']","['service', 'middlebox', 'operation', 'origin']"
HTTP and HTTPS are allowed by the University firewall,"['protocol', 'protocol', 'operation', 'target', 'middlebox']","['protocol', 'protocol', 'operation', 'middlebox', 'target']","['protocol', 'middlebox', 'group']"
IMAP and secure IMAP are allowed by the University firewall,"['protocol', 'protocol', 'operation', 'target', 'middlebox']","['protocol', 'protocol', 'operation', 'middlebox', 'target']","['protocol', 'middlebox', 'group']"
"MSN audio and video are not allowed by the University firewall, but the MSN chat, application sharing and file transferring are not blocked","['service', 'service', 'operation', 'target', 'middlebox', 'service', 'service', 'service', 'operation']","['operation', 'middlebox', 'location', 'service', 'value', 'destination', 'target', 'target']","['middlebox', 'service', 'operation', 'target']"
Net2Phone is allowed by the University firewall,"['service', 'operation', 'target', 'middlebox']","['operation', 'middlebox', 'target']","['service', 'middlebox', 'group', 'operation']"
PC-Telephone is allowed by the University firewall,"['service', 'operation', 'target', 'middlebox']","['operation', 'middlebox', 'target']","['service', 'middlebox', 'group', 'operation']"
POP3 and secure POP are allowed by the University firewall,"['protocol', 'protocol', 'operation', 'target', 'middlebox']","['middlebox', 'protocol', 'operation', 'middlebox', 'target']","['protocol', 'operation', 'middlebox', 'group']"
SMTP is allowed by the University firewall,"['protocol', 'operation', 'target', 'middlebox']","['protocol', 'operation', 'middlebox', 'target']","['protocol', 'middlebox', 'group', 'operation']"
Sony Playstation 2 is allowed by the University firewall,"['service', 'operation', 'target', 'middlebox']","['service', 'qos_value', 'operation', 'middlebox', 'target']","['service', 'middlebox', 'group', 'operation']"
SSH is allowed by the University firewall,"['protocol', 'operation', 'target', 'middlebox']","['protocol', 'operation', 'middlebox', 'target']","['protocol', 'middlebox', 'group']"
Telnet is allowed by the University firewall,"['protocol', 'operation', 'target', 'middlebox']","['operation', 'operation', 'middlebox', 'target']","['protocol', 'middlebox', 'group', 'operation']"
Sorenson Videophone 200 is allowed by the University firewall,"['service', 'operation', 'target', 'middlebox']","['operation', 'qos_value', 'operation', 'middlebox', 'target']","['service', 'middlebox', 'operation', 'origin']"
FTP and SFTP servers are allowed by the University firewall,"['protocol', 'protocol', 'operation', 'target', 'middlebox']","['protocol', 'protocol', 'location', 'operation', 'middlebox', 'target']","['protocol', 'middlebox', 'group']"
Students data limit is 100 GB per week,"['target', 'qos_metric', 'qos_value', 'qos_unit']","['qos_metric', 'qos_constraint', 'operation', 'qos_value', 'qos_unit', 'target']","['group', 'qos_constraint', 'qos_value', 'qos_unit']"
Students 10 GB a day download quotas are on 10 AM to Midnight,"['target', 'qos_value', 'qos_unit', 'qos_constraint', 'qos_metric', 'start', 'end']","['qos_value', 'qos_unit', 'qos_unit', 'qos_constraint', 'qos_metric', 'qos_value', 'end', 'target']","['group', 'qos_metric', 'qos_value', 'qos_unit', 'start', 'end']"
The system passively monitors the network throughput when traffic is light,"['middlebox', 'target']","['operation', 'middlebox', 'target']","['middlebox', 'traffic']"
"There is a 6 GB per 24-hour period upload or download data transfer limit starting at midnight of each day, on all of your combined traffic on ResNet and UIC wireless","['qos_value', 'qos_unit', 'qos_constraint', 'qos_constraint', 'qos_metric', 'start', 'target', 'target']","['operation', 'qos_value', 'qos_unit', 'qos_value', 'qos_metric', 'hour', 'qos_constraint', 'qos_metric', 'qos_constraint', 'qos_unit', 'value', 'start', 'target']","['qos_constraint', 'qos_metric', 'qos_value', 'qos_unit', 'traffic', 'group', 'start']"
Guests cannot run any file sharing/downloading program,"['target', 'operation', 'service']","['operation', 'service', 'qos_constraint', 'hour', 'target']","['group', 'operation', 'service']"
"No individual service or system running on the wired/wireless network should use more than 10 gigabytes of per day, regardless of whether it is inbound or outbound over the commodity network link","['target', 'qos_metric', 'qos_value', 'qos_unit', 'qos_constraint', 'qos_constraint']","['qos_metric', 'middlebox', 'location', 'location', 'middlebox', 'qos_metric', 'qos_value', 'qos_unit', 'qos_unit', 'operation', 'operation', 'hour', 'location', 'start']","['traffic', 'qos_constraint', 'qos_value', 'qos_unit', 'origin', 'destination']"
The system will trigger an overuse notification if the average for either inbound or outbound usage exceeds 10 GB per week,"['target', 'middlebox', 'qos_metric', 'qos_metric', 'qos_value', 'qos_unit']","['hour', 'qos_value', 'qos_unit']","['qos_constraint', 'qos_metric', 'qos_value', 'qos_unit', 'operation', 'middlebox']"
Quotas for students are 5000 Megabyte per hr download and 2000 Megabyte per hr upload,"['qos_metric', 'target', 'qos_value', 'qos_unit', 'qos_constraint', 'qos_value', 'qos_unit', 'qos_constraint']","['qos_metric', 'qos_value', 'qos_unit', 'location', 'qos_constraint', 'qos_value', 'qos_unit', 'location', 'qos_metric', 'target']","['group', 'qos_constraint', 'qos_value', 'qos_unit']"
Routers or anything else that does routing or NAT are prohibited from MITNet as they interfere with the operation of the network,"['protocol', 'operation', 'target']","['hour', 'hour', 'middlebox', 'operation', 'entity']","['middlebox', 'target', 'operation']"
"When a total of 18 gigabytes of data is reached, the individual's bandwidth rate limit is set to 2 Mbps","['qos_value', 'qos_unit', 'qos_metric', 'target', 'qos_metric', 'operation', 'qos_value', 'qos_unit']","['qos_value', 'qos_unit', 'qos_unit', 'qos_metric', 'qos_constraint', 'operation', 'qos_value', 'qos_unit']","['qos_value', 'qos_unit', 'qos_metric', 'qos_constraint', 'qos_value_2', 'qos_unit_2', 'target']"
The individual will have a 4 Mbps bandwidth rate limit,"['target', 'operation', 'qos_value', 'qos_unit', 'qos_metric']","['qos_value', 'qos_unit', 'qos_metric']","['qos_constraint', 'qos_metric', 'qos_value', 'qos_unit']"
"RHIT-OPEN will work in labs, classrooms and residence halls but does not allow the user to access the internal Rose-Hulman network","['origin', 'operation', 'target', 'traffic', 'destination']","['operation', 'location', 'middlebox', 'operation', 'target', 'target', 'target']","['group', 'location']"
"You may not run FTP, telnet, peer-to-peer, HTTP, IRC, DNS and mail servers on ResNet or UIC wireless-connected devices","['operation', 'protocol', 'protocol', 'traffic', 'protocol', 'service', 'protocol', 'service', 'target', 'target']","['qos_metric', 'protocol', 'location', 'protocol', 'qos_unit', 'location', 'value', 'hour']","['operation', 'protocol', 'service', 'location']"
Students have 200 GB of Free monthly usage,"['target', 'qos_value', 'qos_unit']","['qos_value', 'qos_unit', 'qos_unit', 'target']","['group', 'qos_metric', 'qos_value', 'qos_unit']"
Faculty members have 500 Gb per week of free network use,"['target', 'qos_value', 'qos_unit']","['qos_value', 'qos_unit', 'location', 'target']","['group', 'qos_metric', 'qos_value', 'qos_unit']"
Students have a quota of 5 GB per day The quota is reset at  6am,"['target', 'qos_constraint', 'qos_value', 'qos_unit', 'qos_constraint', 'start']","['qos_metric', 'qos_value', 'qos_unit', 'qos_metric', 'operation', 'target']","['group', 'qos_metric', 'qos_value', 'qos_unit', 'hour']"
Internet is limited to 3 Mbps per host,"['qos_metric', 'qos_value', 'qos_unit', 'target']","['location', 'operation', 'qos_constraint', 'qos_value', 'qos_unit', 'location']","['qos_constraint', 'qos_value', 'qos_unit', 'target']"
P2P application is separately capped at 30 Mbps for the entire campus,"['traffic', 'qos_constraint', 'qos_value', 'qos_unit', 'target']","['location', 'qos_value', 'qos_unit', 'location']","['traffic', 'qos_constraint', 'qos_value', 'qos_unit', 'group']"
Guests' network is rate-limited to 5 Mb/s per user,"['target', 'qos_metric', 'qos_value', 'qos_unit']","['location', 'operation', 'qos_value', 'qos_unit', 'target', 'target']","['group', 'qos_constraint', 'qos_value', 'qos_unit']"
The ResNet cap is currently 200 gigabytes per each 7 day period of combined incoming and outgoing traffic,"['target', 'qos_value', 'qos_unit', 'qos_constraint', 'qos_constraint']","['value', 'operation', 'qos_value', 'qos_unit', 'qos_value']","['qos_constraint', 'qos_value', 'qos_unit', 'traffic']"
These network security changes include blocking traffic from the Internet into the UW network over FTP,"['operation', 'origin', 'destination', 'protocol']","['location', 'middlebox', 'operation', 'operation', 'location', 'protocol', 'origin', 'target', 'target']","['operation', 'traffic', 'origin', 'destination']"
"Elements of network security currently include the following four solutions: Network Border Infrastructure System, Intrusion Prevention System, Firewalls and Custom Unit Firewalls","['target', 'operation', 'middlebox', 'middlebox', 'middlebox', 'middlebox']","['middlebox', 'operation', 'middlebox', 'operation', 'middlebox', 'middlebox', 'target', 'target']",['middlebox']
ACT/IT Infrastructure monitors traffic on the network for the purpose of maintaining proper network function,"['middlebox', 'target']","['middlebox', 'qos_unit', 'target']","['traffic', 'operation']"
"CIS restricts traffic that is known to cause damage to the network or hosts on it, such as NETBIOS","['operation', 'target', 'service']","['operation', 'operation', 'location', 'location', 'destination', 'start', 'target', 'target']","['operation', 'traffic']"
All network traffic passing in or out of Brown's network is monitored by intrusion detection system for signs of compromises,"['target', 'middlebox']","['operation', 'hour', 'location', 'operation', 'middlebox', 'middlebox', 'origin']","['traffic', 'middlebox', 'operation', 'target']"
"You may not run any services (e.g., FTP services,listservers,P2P file sharing servers, publishing files via generic file services, etc.) via ResNet or NYURoam wireless networks","['operation', 'protocol', 'service', 'traffic', 'target', 'target']","['qos_metric', 'protocol', 'service', 'location', 'service', 'service', 'value', 'hour', 'location']","['operation', 'service', 'origin']"
Housing does not normally limit the amount of bandwidth,"['target', 'operation', 'qos_metric']","['value', 'qos_constraint', 'qos_metric']","['location', 'qos_constraint', 'qos_metric']"
"The UVA More Secure Network uses a firewall, a network security device designed to help protect your computer from hackers and other malicious people on the Internet.","['target', 'operation', 'middlebox']","['middlebox', 'middlebox', 'location', 'middlebox', 'location', 'target', 'target']",['middlebox']
"The network firewall does prevent some applications from working in their normal manner, for example, video and audio conferencing products that use the H.323","['target', 'operation', 'traffic']","['location', 'middlebox', 'operation', 'middlebox', 'location', 'qos_value', 'target']","['middlebox', 'service', 'traffic']"
The UC Davis network is continually scanned for prohibited activities and network threats.,"['target', 'middlebox']","['location', 'operation', 'middlebox', 'operation']","['operation', 'middlebox', 'target']"
